{"eng": {"e": 0.12446030379074542, "t": 0.09763293290472586, "o": 0.08179906922304973, "a": 0.076861314567396, "n": 0.07002471166601248, "i": 0.06813918282928388, "h": 0.06560599772987323, "s": 0.06252838178753961, "r": 0.05495879515956028, "d": 0.04194739749153906, "l": 0.037912865258777385, "u": 0.02843277590219225, "w": 0.02490188382228745}, "rus": {"\u043e": 0.1140962576439454, "\u0435": 0.07879730275256791, "\u0430": 0.07698966852563431, "\u0438": 0.06875289684972265, "\u043d": 0.06702600062796227, "\u0442": 0.05468654217065622, "\u043b": 0.054007744867903655, "\u0441": 0.05203564433413573, "\u0440": 0.048593813076566544, "\u0432": 0.04133785864868502, "\u0434": 0.03467248777716311, "\u043c": 0.031544637650823076, "\u043a": 0.030800053825336782, "\u0443": 0.028635079168099518, "\u043f": 0.028330068926334048, "\u044c": 0.021328289699923748}}