{"eng": {"e": 0.12446030379074542, "t": 0.09763293290472586, "o": 0.08179906922304973, "a": 0.076861314567396, "n": 0.07002471166601248, "i": 0.06813918282928388, "h": 0.06560599772987323, "s": 0.06252838178753961, "r": 0.05495879515956028, "d": 0.04194739749153906, "l": 0.037912865258777385, "u": 0.02843277590219225, "w": 0.02490188382228745, "c": 0.024061928592150957, "m": 0.023337269496180868, "f": 0.023296478806114775, "g": 0.02155579854227393, "y": 0.021305227160439356, "p": 0.015540004220587727, "b": 0.01330151104532803, "k": 0.009333159626040944, "v": 0.009052203342422443, "j": 0.0014480694973463158, "x": 0.0014268416892506959, "q": 0.0007159182338130679, "z": 0.0004199776150682474}, "rus": {"\u043e": 0.1140962576439454, "\u0435": 0.07879730275256791, "\u0430": 0.07698966852563431, "\u0438": 0.06875289684972265, "\u043d": 0.06702600062796227, "\u0442": 0.05468654217065622, "\u043b": 0.054007744867903655, "\u0441": 0.05203564433413573, "\u0440": 0.048593813076566544, "\u0432": 0.04133785864868502, "\u0434": 0.03467248777716311, "\u043c": 0.031544637650823076, "\u043a": 0.030800053825336782, "\u0443": 0.028635079168099518, "\u043f": 0.028330068926334048, "\u044c": 0.021328289699923748, "\u044b": 0.020302618004575154, "\u044f": 0.020117219622325554, "\u0433": 0.019975180539150456, "\u0431": 0.01927545116098261, "\u0437": 0.018472556553982326, "\u0447": 0.013167770584453448, "\u0445": 0.010572193232959048, "\u0439": 0.010361377330562326, "\u0436": 0.009091996471450144, "\u0448": 0.008106693778688157, "\u044e": 0.004793445270098531, "\u044d": 0.004624493518532362, "\u0444": 0.0033341805840049043, "\u0446": 0.003002257673848362, "\u0449": 0.002912548779211459, "\u044a": 0.00025567034971517424}}